WFO,AF_TO_tA_A,AF_ST_tA_A,AF_TO_tA_C,AF_ST_tA_C,AF_TO_tA_W,AF_ST_tA_W,AF_TO_AS_A,AF_ST_AS_A,AF_TO_AS_C,AF_ST_AS_C,AF_TO_AS_W,AF_ST_AS_W
ABQ,0.118644,0.0880879,0.583333,0.418129,0.0540541,0.0647957,0.00677966,0.00655359,0.0555556,0.0555556,0,0.00309534
ABR,0.384181,0.23262,0.421053,0.722222,0.38209,0.228343,0.375706,0.240077,0.210526,0.388889,0.385075,0.238777
AKQ,0.577534,0.339683,0.9,0.776758,0.499241,0.298291,0.888889,0.624868,0.8875,0.611621,0.889226,0.626122
ALY,0.444444,0.339367,0.833333,0.736842,0.421569,0.322943,0.787037,0.633136,0.5,0.596491,0.803922,0.63465
AMA,0.326565,0.184391,0.867347,0.575221,0.219067,0.155633,0.28934,0.174282,0.581633,0.339233,0.231237,0.162145
APX,0.4,0.330551,0.4,0.442857,0.4,0.323582,0.76,0.578464,0.9,0.671429,0.738462,0.572695
ARX,0.533981,0.34914,1,0.675676,0.506849,0.333187,0.783172,0.628619,0.647059,0.603604,0.791096,0.629842
BGM,0.573991,0.332766,0.785714,0.735849,0.559809,0.313743,0.820628,0.606293,0.714286,0.622642,0.827751,0.605521
BIS,0.215926,0.176529,-1,0.425,0.215926,0.17454,0.209801,0.142772,-1,0,0.209801,0.143915
BMX,0.666864,0.353584,0.758585,0.577139,0.545953,0.259347,0.907692,0.563438,0.890739,0.759525,0.930041,0.480779
BOI,0.2,0.1563,-1,0.190476,0.2,0.155116,0.1,0.00478469,-1,0,0.1,0.00495049
BOU,0.105791,0.0683143,0,0.3,0.106742,0.0666823,0.00111359,0.00233155,0,0,0.0011236,0.00234797
BOX,0.513699,0.330638,0.142857,0.517241,0.55303,0.320949,0.767123,0.647234,0.0714286,0.560345,0.840909,0.651746
BRO,0.1,0.079409,0.181818,0.246377,0.0892857,0.0550265,0.442105,0.185596,0.181818,0.246377,0.47619,0.17672
BTV,0.393939,0.330119,-1,0.840909,0.393939,0.312883,0.787879,0.652819,-1,0.954545,0.787879,0.642638
BUF,0.617284,0.464724,1,0.803279,0.581081,0.442203,0.864198,0.745399,1,0.877049,0.851351,0.736641
BYZ,0.0642202,0.0938828,-1,0.444444,0.0642202,0.0925373,0,0.00849618,-1,0,0,0.00852878
CAE,0.492492,0.253464,0.650794,0.640732,0.396135,0.201295,0.843844,0.490084,0.873016,0.773455,0.826087,0.451911
CAR,0.363636,0.312671,-1,0.894737,0.363636,0.302412,0.772727,0.549681,-1,0.947368,0.772727,0.542672
CHS,0.37156,0.272012,0.494949,0.54,0.335312,0.229772,0.844037,0.478366,0.89899,0.768889,0.827893,0.432574
CLE,0.445333,0.373394,0.522727,0.751724,0.435045,0.341555,0.872,0.699946,0.931818,0.717241,0.864048,0.698491
CRP,0.185268,0.111252,0.346667,0.198276,0.152815,0.0867099,0.377232,0.177623,0.28,0.238506,0.396783,0.160454
CTP,0.562044,0.382867,0.789474,0.601533,0.545098,0.36762,0.748175,0.633616,0.578947,0.574713,0.760784,0.637724
CYS,0.107232,0.0727031,0,0.5,0.1075,0.071104,0,0.00266312,0,0,0,0.00267308
DDC,0.365662,0.191031,0.67033,0.577778,0.324405,0.168256,0.352556,0.204273,0.626374,0.457143,0.315476,0.189381
DLH,0.399123,0.322045,0.666667,0.553191,0.391892,0.318307,0.583333,0.51236,0.5,0.425532,0.585586,0.513765
DMX,0.477547,0.338249,0.746835,0.630807,0.421192,0.314713,0.681271,0.514837,0.620253,0.523227,0.69404,0.514162
DTX,0.518349,0.384577,0.538462,0.607143,0.515625,0.367914,0.784404,0.695522,0.692308,0.707143,0.796875,0.694652
DVN,0.556492,0.361189,0.784,0.66289,0.495726,0.323716,0.763912,0.632551,0.768,0.696884,0.762821,0.62456
EAX,0.468553,0.338788,0.629139,0.731061,0.418557,0.28693,0.707547,0.578726,0.649007,0.660985,0.725773,0.567852
EKA,-1,0.133333,-1,0.777778,-1,0.0454545,-1,0.0133333,-1,0.111111,-1,0
EPZ,0.0882353,0.0601124,0.2,0.218254,0,0.0340314,0,0.00955056,0,0.0674603,0,0
EWX,0.362903,0.181443,0.636905,0.408983,0.222561,0.117996,0.389113,0.159536,0.553571,0.319149,0.304878,0.11503
FFC,0.551628,0.288532,0.638835,0.556467,0.471429,0.217976,0.875349,0.464098,0.831068,0.743849,0.916071,0.39043
FGF,0.251256,0.270094,0.75,0.473684,0.248737,0.267873,0.511307,0.428571,1,0.368421,0.508838,0.429228
FGZ,0.481013,0.106127,0.767442,0.383333,0.138889,0.0758495,0.392405,0.0437637,0.674419,0.227778,0.0555556,0.023665
FSD,0.374046,0.243308,0.710526,0.679739,0.353323,0.229652,0.479389,0.337101,0.236842,0.470588,0.494327,0.332924
FWD,0.511723,0.292,0.801802,0.531439,0.362654,0.21792,0.659531,0.414286,0.834835,0.556832,0.569444,0.370183
GGW,0.0967742,0.13489,-1,0.272727,0.0967742,0.134231,0.0322581,0.0380458,-1,0,0.0322581,0.0382276
GID,0.406886,0.25368,0.677419,0.586957,0.393092,0.234,0.478873,0.292814,0.774194,0.490683,0.463816,0.28113
GJT,0.25,0.315118,0.5,0.368421,0.166667,0.308943,0,0.00182149,0,0.0175439,0,0
GLD,0.275393,0.160632,0.907407,0.644068,0.237514,0.146714,0.156021,0.0882213,0.259259,0.214689,0.149834,0.0845804
GRB,0.5,0.349136,0.714286,0.630137,0.49162,0.337209,0.672043,0.591746,0.571429,0.726027,0.675978,0.586047
GRR,0.664634,0.420715,0.516129,0.570423,0.699248,0.408434,0.920732,0.733049,1,0.760563,0.902256,0.730791
GSP,0.553539,0.205446,0.802956,0.624309,0.408046,0.171645,0.800363,0.294004,0.862069,0.611418,0.764368,0.268391
GYX,0.618421,0.332509,1,0.734375,0.613333,0.321625,0.855263,0.533168,1,0.515625,0.853333,0.533644
HFO,0,0.0615385,0,0.0625,-1,0,0.25,0.384615,0.25,0.390625,-1,0
HGX,0.352078,0.228621,0.651877,0.419444,0.184762,0.165596,0.762836,0.35931,0.8157,0.4875,0.733333,0.316972
HNX,0.4,0.232787,0.48,0.441667,0.2,0.0972973,0.0285714,0.0262295,0.04,0.05,0,0.0108108
HUN,0.736093,0.366879,0.769231,0.627225,0.710345,0.267148,0.895213,0.577146,0.890533,0.772775,0.898851,0.502206
ICT,0.472637,0.252785,0.694444,0.568588,0.442561,0.22141,0.641791,0.403521,0.458333,0.403579,0.666667,0.403516
ILM,0.377095,0.303156,0.604938,0.632653,0.310469,0.265976,0.924581,0.566477,1,0.770408,0.902527,0.543466
ILN,0.61626,0.359815,0.820809,0.665584,0.536199,0.311864,0.813008,0.665493,0.849711,0.675325,0.798643,0.663951
ILX,0.530895,0.369904,0.8,0.733333,0.433962,0.308946,0.773014,0.643228,0.814286,0.647619,0.758148,0.642492
IND,0.553547,0.36403,0.811321,0.663306,0.480357,0.314016,0.833102,0.687644,0.773585,0.633065,0.85,0.696765
IWX,0.543478,0.396877,0.720588,0.75188,0.503333,0.358923,0.858696,0.72658,0.794118,0.815789,0.873333,0.717042
JAN,0.622258,0.375558,0.779211,0.607849,0.448276,0.261812,0.861986,0.525606,0.848255,0.718796,0.877208,0.431007
JAX,0.541126,0.297405,0.733096,0.661137,0.410194,0.21937,0.894661,0.468397,0.964413,0.875592,0.847087,0.381037
JKL,0.594203,0.353739,0.767241,0.658759,0.50655,0.293353,0.901449,0.669481,0.931035,0.75365,0.886463,0.652818
KEY,0.166667,0.483871,0.285714,0.75,0.117647,0.315789,0.708333,0.774194,0.357143,1,0.852941,0.631579
LBF,0.23783,0.160368,0.615385,0.438202,0.223665,0.152839,0.172462,0.0966355,0.346154,0.247191,0.165945,0.0925559
LCH,0.5,0.313088,0.733333,0.485714,0.274621,0.228388,0.859345,0.464342,0.862745,0.652381,0.856061,0.372079
LIX,0.482509,0.336867,0.660598,0.560074,0.328459,0.232498,0.863088,0.517373,0.89857,0.810536,0.832396,0.380294
LKN,0,0.127013,-1,0.25,0,0.125227,0,0.00357782,-1,0,0,0.00362976
LMK,0.691739,0.380706,0.822751,0.702893,0.577367,0.293067,0.860666,0.697208,0.798942,0.753714,0.91455,0.681837
LOT,0.541304,0.402675,0.885246,0.717314,0.488722,0.367866,0.821739,0.704681,0.737705,0.780919,0.834586,0.696247
LOX,0.35,0.19863,0.388889,0.378788,0,0.05,0,0.0205479,0,0.0454545,0,0
LSX,0.59204,0.347989,0.755162,0.653595,0.509009,0.288298,0.770149,0.557494,0.79056,0.638344,0.75976,0.541702
LUB,0.387013,0.208473,0.679245,0.492063,0.340361,0.184055,0.275325,0.144295,0.641509,0.322751,0.216867,0.128929
LWX,0.526936,0.257255,0.74,0.686869,0.507353,0.237063,0.767677,0.469014,0.6,0.474747,0.783088,0.468745
LZK,0.613301,0.338677,0.690428,0.576904,0.56121,0.267624,0.849754,0.514676,0.820774,0.653563,0.869326,0.473252
MAF,0.186475,0.143588,0.578125,0.418342,0.127358,0.0987072,0.0881148,0.0515082,0.484375,0.189698,0.0283019,0.0289349
MEG,0.693089,0.379463,0.85736,0.643672,0.560588,0.287221,0.863144,0.622603,0.849772,0.701824,0.873929,0.594944
MFL,0.350562,0.208798,0.761905,0.617486,0.188088,0.156534,0.822472,0.278191,0.888889,0.748634,0.796238,0.218029
MFR,0,0.0683761,-1,0.315789,0,0.0542169,0,0,-1,0,0,0
MHX,0.537473,0.325249,0.712871,0.557143,0.489071,0.290415,0.847966,0.631219,0.861386,0.561905,0.844262,0.641631
MKX,0.462006,0.386483,0.605263,0.575581,0.443299,0.369622,0.729483,0.666825,0.5,0.563953,0.75945,0.675998
MLB,0.385356,0.239371,0.597015,0.592453,0.251572,0.174931,0.824663,0.365172,0.900497,0.807547,0.77673,0.284435
MOB,0.569759,0.401492,0.711052,0.616737,0.398058,0.294733,0.948868,0.582653,0.962716,0.824894,0.932039,0.462504
MPX,0.371921,0.283279,0.884615,0.595041,0.354962,0.274922,0.628079,0.50356,0.461538,0.479339,0.633588,0.504209
MQT,0.435897,0.339192,0.5,0.645161,0.432432,0.330623,0.589744,0.598418,0,0.741935,0.621622,0.594399
MRX,0.693046,0.29732,0.746753,0.628169,0.661597,0.239017,0.916067,0.492087,0.863636,0.747887,0.946768,0.447009
MSO,0.4,0.16378,-1,0,0.4,0.164038,0,0,-1,0,0,0
MTR,0.25,0.434783,0.25,0.454545,-1,0.384615,0,0.108696,0,0.151515,-1,0
OAX,0.472222,0.262186,0.817073,0.571429,0.418868,0.239786,0.490196,0.319082,0.280488,0.251232,0.522641,0.323996
OHX,0.725941,0.372624,0.868085,0.635,0.588477,0.288574,0.860879,0.58613,0.868085,0.713333,0.853909,0.545382
OKX,0.466667,0.312301,0.357143,0.74359,0.483516,0.277548,0.72381,0.604844,0.214286,0.598291,0.802198,0.605372
OTX,0.25,0.192385,0,0,0.285714,0.193939,0,0.01002,0,0,0,0.010101
OUN,0.433457,0.259506,0.492,0.475174,0.420091,0.22226,0.599257,0.372477,0.408,0.373883,0.642922,0.372235
PAH,0.636364,0.352252,0.731544,0.607018,0.558011,0.283656,0.813636,0.636025,0.778524,0.653509,0.842541,0.631318
PBZ,0.55642,0.34507,0.880952,0.700581,0.493023,0.314933,0.867704,0.70627,0.690476,0.697674,0.902326,0.706999
PDT,0.307692,0.156044,-1,1,0.307692,0.154185,0,0.0043956,-1,0,0,0.00440529
PHI,0.559105,0.323925,0.791667,0.755319,0.539792,0.295791,0.84345,0.613765,0.875,0.698582,0.84083,0.608233
PIH,0.10989,0.176471,0.0909091,0.243243,0.1125,0.174041,0.010989,0.0132827,0,0,0.0125,0.013766
PQR,0.454545,0.116402,0.588235,0.6,0,0.0591716,0.5,0.0687831,0.647059,0.5,0,0.0177515
PSR,0.666667,0.121212,0.888889,0.263393,0,0.101992,0.5,0.0441255,0.666667,0.0714286,0,0.0404345
PUB,0.0679612,0.0554593,0.5,0.775,0.0645793,0.0491696,0.0038835,0.00758232,0,0.05,0.00391389,0.00721154
RAH,0.548781,0.291093,0.766667,0.653696,0.449239,0.250916,0.836237,0.52746,0.805556,0.708171,0.850254,0.507437
REV,0.2,0.0617021,-1,0.333333,0.2,0.0599572,0,0,-1,0,0,0
RIW,0.0603448,0.0903378,0,0.2,0.0608696,0.0899054,0,0.00706991,0,0,0,0.00709779
RLX,0.661538,0.322162,1,0.625,0.603604,0.284307,0.923077,0.648249,1,0.793478,0.90991,0.630095
RNK,0.635204,0.215291,0.691358,0.575385,0.620579,0.191567,0.808673,0.39825,0.716049,0.627692,0.832797,0.383134
SEW,0.272727,0.113208,0.272727,0.111111,-1,0.113636,0.0909091,0.0188679,0.0909091,0.111111,-1,0
SGF,0.578179,0.345977,0.696145,0.600897,0.506224,0.280385,0.690722,0.482716,0.678005,0.504484,0.698479,0.477115
SGX,0.136364,0.133903,0.153846,0.491228,0.111111,0.0646259,0.0454545,0.019943,0,0.105263,0.111111,0.00340136
SHV,0.649926,0.341817,0.745536,0.504396,0.555718,0.274385,0.833087,0.496617,0.794643,0.563187,0.870968,0.469006
SJT,0.328313,0.213009,0.547945,0.391089,0.266409,0.178529,0.40512,0.248745,0.493151,0.331683,0.380309,0.232686
SLC,0.2,0.210379,1,0.382716,0,0.2,0,0.00771389,0,0,0,0.00817844
STO,0.317073,0.115512,0.407407,0.204301,0.142857,0.0761905,0.0365854,0.0330033,0.0555556,0.0967742,0,0.0047619
TAE,0.630284,0.406758,0.74352,0.688259,0.484155,0.303801,0.942352,0.589989,0.959072,0.890014,0.920775,0.480257
TBW,0.49692,0.237747,0.717703,0.686992,0.330935,0.139161,0.850103,0.353328,0.985646,0.898374,0.748201,0.23372
TFX,0.272727,0.138807,-1,0,0.272727,0.139136,0,0,-1,0,0,0
TOP,0.546,0.310489,0.741935,0.571429,0.518265,0.282898,0.672,0.442232,0.33871,0.324455,0.719178,0.454685
TSA,0.532348,0.310985,0.704698,0.496823,0.466837,0.259167,0.729205,0.490927,0.697987,0.524778,0.741071,0.481488
TWC,0.125,0.0548123,0.5,0.169355,0.0714286,0.0483356,0.0625,0.0120846,0.5,0.0887097,0,0.00775194
UNR,0.197183,0.10613,1,0.830769,0.179856,0.0988757,0.0704225,0.0312595,0,0.0923077,0.0719424,0.0306484
VEF,0.2,0.110048,0.5,0.376147,0.125,0.0847162,0.1,0.0127592,0,0,0.125,0.0139738